City_ID,City,Lat,Lng,Max Temp,Humidity,Cloudiness,Wind Speed,Country,Date
0,Ossora,59.24,163.07,31.28,96,54,5.79,RU,2020-11-02 17:29:26
1,Busselton,-33.65,115.33,55.0,97,8,9.84,AU,2020-11-02 17:28:42
2,Mahebourg,-20.41,57.7,73.4,64,75,11.41,MU,2020-11-02 17:29:26
3,Codrington,-38.27,141.97,61.14,55,99,9.19,AU,2020-11-02 17:27:11
4,Tilichiki,60.47,166.1,28.44,100,100,1.59,RU,2020-11-02 17:27:15
5,Tuatapere,-46.13,167.68,39.99,93,51,1.01,NZ,2020-11-02 17:24:45
6,Atuona,-9.8,-139.03,77.52,76,60,20.11,PF,2020-11-02 17:29:26
7,Imuris,30.78,-110.87,79.09,22,55,9.53,MX,2020-11-02 17:29:27
8,Vaini,-21.2,-175.2,73.4,94,75,9.17,TO,2020-11-02 17:27:10
9,Algeciras,36.13,-5.45,64.4,88,0,6.93,ES,2020-11-02 17:29:27
10,Cairns,-16.92,145.77,77.0,78,7,8.05,AU,2020-11-02 17:27:35
11,Saint-Joseph,-21.37,55.62,73.4,60,90,12.75,RE,2020-11-02 17:29:27
12,Tongliao,43.61,122.27,26.08,76,0,14.54,CN,2020-11-02 17:29:27
13,Sept-Iles,50.2,-66.38,37.99,93,100,8.05,CA,2020-11-02 17:29:27
14,Aviles,43.55,-5.92,55.99,87,75,4.7,ES,2020-11-02 17:29:27
15,Henties Bay,-22.12,14.28,60.01,85,22,1.99,NA,2020-11-02 17:29:28
16,Sechura,-5.56,-80.82,73.38,53,66,9.22,PE,2020-11-02 17:29:28
17,Ushuaia,-54.8,-68.3,55.4,66,20,5.82,AR,2020-11-02 17:29:28
18,Vestmannaeyjar,63.44,-20.27,41.0,75,75,23.04,IS,2020-11-02 17:29:28
19,Saskylakh,71.92,114.08,7.86,94,99,8.95,RU,2020-11-02 17:29:28
20,Fortuna,40.6,-124.16,50.0,87,1,4.7,US,2020-11-02 17:29:28
21,Torbay,47.67,-52.73,51.01,93,90,31.09,CA,2020-11-02 17:29:29
22,Zapolyarnyy,69.42,30.81,37.4,86,75,32.21,RU,2020-11-02 17:29:29
23,Ayagoz,47.97,80.44,34.47,83,81,8.97,KZ,2020-11-02 17:29:29
24,Bathsheba,13.22,-59.52,87.8,66,40,19.46,BB,2020-11-02 17:29:29
25,Punta Arenas,-53.15,-70.92,59.0,44,100,11.01,CL,2020-11-02 17:29:29
26,Ribeira Grande,38.52,-28.7,64.4,59,40,14.99,PT,2020-11-02 17:29:29
27,Albany,42.6,-73.97,36.0,63,98,5.99,US,2020-11-02 17:27:03
28,Mataura,-46.19,168.86,39.99,93,77,1.01,NZ,2020-11-02 17:29:30
29,New Norfolk,-42.78,147.06,62.01,55,100,1.01,AU,2020-11-02 17:29:30
30,Vostok,46.49,135.88,23.22,97,77,5.26,RU,2020-11-02 17:29:30
31,Puerto Ayora,-0.74,-90.35,78.8,69,75,8.05,EC,2020-11-02 17:29:30
32,Souillac,-20.52,57.52,73.4,64,75,11.41,MU,2020-11-02 17:29:30
33,Lavrentiya,65.58,-171.0,19.26,89,11,5.21,RU,2020-11-02 17:29:30
34,Rikitea,-23.12,-134.97,72.46,82,79,21.23,PF,2020-11-02 17:29:31
35,Kapaa,22.08,-159.32,69.8,100,75,6.93,US,2020-11-02 17:29:31
36,Norman Wells,65.28,-126.83,6.8,84,90,5.82,CA,2020-11-02 17:29:31
37,Georgetown,5.41,100.34,78.8,88,20,3.36,MY,2020-11-02 17:27:23
38,Council Bluffs,41.26,-95.86,55.0,40,40,6.93,US,2020-11-02 17:29:31
39,Wasilla,61.58,-149.44,21.2,40,1,24.16,US,2020-11-02 17:29:31
40,Avarua,-21.21,-159.78,71.6,88,75,17.22,CK,2020-11-02 17:27:50
41,Qaanaaq,77.48,-69.36,4.89,76,91,4.27,GL,2020-11-02 17:29:32
42,Todos Santos,23.45,-110.22,82.0,70,0,3.0,MX,2020-11-02 17:29:32
43,Hermanus,-34.42,19.23,68.0,78,0,4.0,ZA,2020-11-02 17:29:32
44,Leh,34.17,77.58,32.31,66,6,3.22,IN,2020-11-02 17:29:32
45,Parintins,-2.63,-56.74,97.25,41,64,2.98,BR,2020-11-02 17:29:32
46,Clyde River,70.47,-68.59,12.2,85,75,18.34,CA,2020-11-02 17:24:47
47,Khatanga,71.97,102.5,13.53,96,100,8.88,RU,2020-11-02 17:24:43
48,Manakara,-22.13,48.02,70.02,76,16,7.36,MG,2020-11-02 17:29:32
49,Hithadhoo,-0.6,73.08,83.37,76,32,10.71,MV,2020-11-02 17:29:33
50,Norwich,52.63,1.3,53.6,62,20,19.46,GB,2020-11-02 17:29:33
51,Tocoa,15.68,-86.0,78.91,87,99,4.79,HN,2020-11-02 17:25:53
52,Starobaltachevo,56.0,55.92,28.98,93,0,5.21,RU,2020-11-02 17:29:33
53,Tiksi,71.69,128.87,-1.28,90,98,5.35,RU,2020-11-02 17:29:33
54,Yellowknife,62.46,-114.35,6.8,77,75,12.75,CA,2020-11-02 17:29:33
55,Bambous Virieux,-20.34,57.76,73.4,64,75,11.41,MU,2020-11-02 17:24:38
56,Oranjemund,-28.55,16.43,63.59,79,0,13.35,NA,2020-11-02 17:29:33
57,Vicksburg,32.35,-90.88,57.2,28,1,6.93,US,2020-11-02 17:29:33
58,Flin Flon,54.77,-101.86,35.6,93,90,5.82,CA,2020-11-02 17:29:34
59,Port Alfred,-33.59,26.89,67.21,81,8,25.77,ZA,2020-11-02 17:29:34
60,Hilo,19.73,-155.09,73.4,69,1,5.82,US,2020-11-02 17:28:32
61,Jaisalmer,26.91,70.92,75.34,16,0,5.82,IN,2020-11-02 17:25:48
62,Navashino,55.53,42.2,40.32,90,60,7.74,RU,2020-11-02 17:29:34
63,Flinders,-34.58,150.86,53.01,89,37,1.01,AU,2020-11-02 17:29:34
64,Chapais,49.78,-74.85,21.2,73,75,17.22,CA,2020-11-02 17:29:34
65,Isangel,-19.55,169.27,77.34,84,96,11.45,VU,2020-11-02 17:29:34
66,Bredasdorp,-34.53,20.04,66.2,77,0,13.87,ZA,2020-11-02 17:29:34
67,Bambanglipuro,-7.95,110.28,77.05,85,78,4.83,ID,2020-11-02 17:29:35
68,Gunjur,13.2,-16.73,91.4,59,0,4.7,GM,2020-11-02 17:29:35
69,Kodiak,57.79,-152.41,24.8,53,1,11.41,US,2020-11-02 17:26:51
70,Huarmey,-10.07,-78.15,67.84,65,73,9.82,PE,2020-11-02 17:29:35
71,Bethel,41.37,-73.41,39.99,48,75,17.22,US,2020-11-02 17:29:35
72,Portland,45.52,-122.68,55.0,76,20,3.36,US,2020-11-02 17:27:54
73,Yelizovo,53.19,158.38,39.2,93,75,8.95,RU,2020-11-02 17:29:35
74,Khani,41.96,42.96,57.2,100,90,2.24,GE,2020-11-02 17:29:35
75,Nikolskoye,59.7,30.79,39.99,93,90,13.42,RU,2020-11-02 17:29:36
76,Cururupu,-1.83,-44.87,91.45,48,73,7.94,BR,2020-11-02 17:25:26
77,Tasiilaq,65.61,-37.64,24.8,53,0,3.36,GL,2020-11-02 17:29:36
78,Sitka,57.05,-135.33,42.8,87,90,19.46,US,2020-11-02 17:29:36
79,Nyuksenitsa,60.41,44.24,29.08,97,9,6.29,RU,2020-11-02 17:29:36
80,Bonthe,7.53,-12.51,83.88,68,75,4.92,SL,2020-11-02 17:29:36
81,Chokwe,-24.53,32.98,78.82,52,51,6.6,MZ,2020-11-02 17:29:36
82,Tatarsk,55.22,75.98,33.53,89,100,8.37,RU,2020-11-02 17:29:36
83,Coquimbo,-29.95,-71.34,59.0,77,75,11.41,CL,2020-11-02 17:24:41
84,Ghatampur,26.17,80.17,70.48,22,0,4.29,IN,2020-11-02 17:29:37
85,Visakhapatnam,17.69,83.21,82.4,83,75,2.24,IN,2020-11-02 17:28:26
86,Leningradskiy,69.38,178.42,15.37,84,100,4.9,RU,2020-11-02 17:29:37
87,Hobart,-42.88,147.33,62.01,63,90,8.05,AU,2020-11-02 17:25:53
88,Anadyr,64.75,177.48,15.8,78,40,8.95,RU,2020-11-02 17:29:37
89,Vanimo,-2.67,141.3,79.18,77,71,3.58,PG,2020-11-02 17:29:37
90,Bismarck,46.81,-100.78,54.0,40,1,5.21,US,2020-11-02 17:25:01
91,Constitucion,-35.33,-72.42,62.15,66,46,10.25,CL,2020-11-02 17:29:37
92,Castro,-24.79,-50.01,70.65,41,16,1.23,BR,2020-11-02 17:24:52
93,West Wendover,40.74,-114.07,44.6,45,1,0.74,US,2020-11-02 17:29:38
94,Fukue,32.69,128.84,64.92,55,0,17.49,JP,2020-11-02 17:25:04
95,Batouri,4.43,14.37,72.46,92,95,2.68,CM,2020-11-02 17:29:38
96,Port Macquarie,-31.43,152.92,59.0,78,61,10.92,AU,2020-11-02 17:29:36
97,Najran,17.49,44.13,69.8,21,0,4.7,SA,2020-11-02 17:29:38
98,Naze,28.37,129.48,75.2,78,40,18.34,JP,2020-11-02 17:29:38
99,Ust-Maya,60.42,134.53,-8.37,87,19,7.23,RU,2020-11-02 17:29:38
100,Severo-Kurilsk,50.68,156.12,42.75,81,80,20.13,RU,2020-11-02 17:25:05
101,Severobaykalsk,55.65,109.32,16.18,87,66,3.87,RU,2020-11-02 17:29:39
102,Ilulissat,69.22,-51.1,24.8,73,75,13.87,GL,2020-11-02 17:29:39
103,Jamestown,42.1,-79.24,35.01,95,90,20.8,US,2020-11-02 17:29:39
104,Port Elizabeth,-33.92,25.57,66.2,88,20,21.92,ZA,2020-11-02 17:29:39
105,Longyearbyen,78.22,15.64,33.8,74,75,41.38,SJ,2020-11-02 17:29:39
106,Bengkulu,-3.8,102.27,75.52,88,99,4.36,ID,2020-11-02 17:29:39
107,Gordeyevka,52.96,31.97,46.29,92,77,6.35,RU,2020-11-02 17:29:39
108,Sheridan,44.83,-106.92,66.99,47,1,2.84,US,2020-11-02 17:29:40
109,Sharlyk,52.92,54.75,40.14,76,43,7.99,RU,2020-11-02 17:29:40
110,Vao,-22.67,167.48,73.92,90,100,7.16,NC,2020-11-02 17:29:40
111,Yining,29.04,114.56,54.88,79,0,1.9,CN,2020-11-02 17:25:10
112,Russell,32.35,-85.2,59.0,28,1,9.17,US,2020-11-02 17:29:40
113,Amuntai,-2.42,115.25,74.05,95,100,1.05,ID,2020-11-02 17:29:40
114,Butaritari,3.07,172.79,81.01,77,99,20.0,KI,2020-11-02 17:29:40
115,Carutapera,-1.2,-46.02,88.12,59,31,9.08,BR,2020-11-02 17:26:41
116,Durant,33.99,-96.37,61.0,36,1,6.93,US,2020-11-02 17:29:40
117,Honiara,-9.43,159.95,75.2,94,40,4.7,SB,2020-11-02 17:29:41
118,Kavaratti,10.57,72.64,82.81,69,0,5.1,IN,2020-11-02 17:29:41
119,Port-Cartier,50.03,-66.87,37.99,93,100,8.05,CA,2020-11-02 17:29:41
120,Dzilam Gonzalez,21.28,-88.93,80.8,68,95,14.2,MX,2020-11-02 17:29:41
121,Ikom,5.97,8.71,78.76,85,100,2.89,NG,2020-11-02 17:29:41
122,Manaus,-3.1,-60.02,89.6,62,40,5.82,BR,2020-11-02 17:29:41
123,Lambari,-21.98,-45.35,76.08,36,23,4.27,BR,2020-11-02 17:29:41
124,Labuhan,-6.88,112.21,78.94,85,100,7.56,ID,2020-11-02 17:29:42
125,Omsukchan,62.53,155.8,13.55,94,88,1.66,RU,2020-11-02 17:29:42
126,Malindi,-3.22,40.12,78.84,77,95,12.84,KE,2020-11-02 17:29:42
127,Arman,59.7,150.17,32.09,92,100,12.8,RU,2020-11-02 17:29:42
128,Formosa Do Rio Preto,-11.05,-45.19,77.27,74,95,8.05,BR,2020-11-02 17:29:42
129,Saint-Francois,46.42,3.91,66.2,72,0,3.36,FR,2020-11-02 17:29:42
130,Lompoc,34.64,-120.46,69.8,51,1,1.81,US,2020-11-02 17:24:44
131,Alindao,5.03,21.21,74.43,89,79,3.67,CF,2020-11-02 17:29:42
132,Ewa Beach,21.32,-158.01,69.8,83,1,3.36,US,2020-11-02 17:25:41
133,Tsumeb,-19.23,17.72,88.43,20,59,5.95,NA,2020-11-02 17:29:43
134,Vanavara,60.34,102.28,31.37,99,100,6.24,RU,2020-11-02 17:29:43
135,Atar,20.52,-13.05,93.13,11,100,8.66,MR,2020-11-02 17:24:45
136,Tomatlan,19.93,-105.25,88.65,33,0,3.85,MX,2020-11-02 17:29:43
137,Narsaq,60.92,-46.05,23.0,53,75,5.82,GL,2020-11-02 17:29:43
138,Akcakoca,41.09,31.12,54.21,66,0,3.71,TR,2020-11-02 17:29:43
139,Upernavik,72.79,-56.15,16.9,91,95,6.44,GL,2020-11-02 17:29:44
140,Zabaykalsk,49.63,117.32,11.88,85,0,12.82,RU,2020-11-02 17:29:44
141,Grafton,42.21,-71.69,39.0,47,75,28.86,US,2020-11-02 17:27:47
142,Beloha,-25.17,45.05,69.66,80,0,9.28,MG,2020-11-02 17:29:44
143,Porto Novo,6.5,2.6,82.4,78,20,6.93,BJ,2020-11-02 17:29:44
144,Iqaluit,63.75,-68.51,17.6,61,75,9.17,CA,2020-11-02 17:27:16
145,Neryungri,56.67,124.65,-5.76,88,100,7.23,RU,2020-11-02 17:29:44
146,Khorixas,-20.37,14.97,78.44,18,0,18.45,NA,2020-11-02 17:29:45
147,Eyl,7.98,49.82,81.27,71,0,22.7,SO,2020-11-02 17:29:45
148,Ust-Kuyga,70.02,135.6,-14.24,85,13,10.04,RU,2020-11-02 17:29:45
149,Lingyuan,41.24,119.4,26.26,71,0,6.31,CN,2020-11-02 17:29:45
150,Zeya,53.75,127.27,14.74,83,98,8.46,RU,2020-11-02 17:29:45
151,Banda Aceh,5.56,95.32,80.31,81,89,2.37,ID,2020-11-02 17:29:45
152,Bairiki,1.33,172.98,80.6,74,75,10.29,KI,2020-11-02 17:29:45
153,Sampit,-2.53,112.95,74.95,95,100,1.92,ID,2020-11-02 17:29:46
154,Haines Junction,60.75,-137.51,5.0,71,100,4.7,CA,2020-11-02 17:25:00
155,Arraial Do Cabo,-22.97,-42.03,75.2,64,20,11.41,BR,2020-11-02 17:29:46
156,Shimminato,36.78,137.07,55.99,92,100,7.0,JP,2020-11-02 17:29:46
157,Hami,42.8,93.45,40.53,63,0,3.98,CN,2020-11-02 17:29:46
158,Aykhal,66.0,111.5,8.6,84,90,11.18,RU,2020-11-02 17:29:46
159,Katsuura,35.13,140.3,59.0,92,100,5.01,JP,2020-11-02 17:29:46
160,Mendi,-6.18,143.65,56.55,100,100,1.57,PG,2020-11-02 17:29:46
161,Cape Town,-33.93,18.42,71.01,72,0,12.75,ZA,2020-11-02 17:29:46
162,North Platte,41.12,-100.77,57.99,44,1,4.7,US,2020-11-02 17:25:39
163,Mattawa,46.74,-119.9,41.0,74,1,2.21,US,2020-11-02 17:29:47
164,Mehamn,71.04,27.85,39.2,86,75,26.4,NO,2020-11-02 17:29:47
165,Touros,-5.2,-35.46,86.0,66,40,13.87,BR,2020-11-02 17:25:25
166,Chuy,-33.7,-53.46,67.08,60,49,8.12,UY,2020-11-02 17:29:46
167,Tuensang,26.28,94.83,65.46,84,81,2.04,IN,2020-11-02 17:29:47
168,Morada Nova,-5.11,-38.37,100.53,30,43,3.94,BR,2020-11-02 17:29:47
169,Ondangwa,-17.92,15.95,95.0,8,49,6.93,NA,2020-11-02 17:29:47
170,Matay,28.42,30.78,72.05,45,6,9.84,EG,2020-11-02 17:29:47
171,Chokurdakh,70.63,147.92,-8.72,89,95,9.1,RU,2020-11-02 17:29:48
172,Mokhsogollokh,61.47,128.92,-10.08,90,0,2.28,RU,2020-11-02 17:29:48
173,Northam,51.03,-4.22,51.01,76,8,15.99,GB,2020-11-02 17:29:48
174,Salalah,17.02,54.09,78.8,57,0,5.82,OM,2020-11-02 17:29:48
175,Road Town,18.42,-64.62,86.0,74,40,11.41,VG,2020-11-02 17:29:48
176,Deputatskiy,69.3,139.9,-15.27,84,0,3.71,RU,2020-11-02 17:29:48
177,Nagarote,12.27,-86.56,87.8,66,75,4.7,NI,2020-11-02 17:29:48
178,Wilhelmshaven,53.52,8.13,63.0,72,75,20.8,DE,2020-11-02 17:29:49
179,Balkhash,46.84,74.98,43.52,56,59,5.39,KZ,2020-11-02 17:29:49
180,Marawi,8.0,124.29,75.0,88,100,5.99,PH,2020-11-02 17:29:49
181,Methoni,36.82,21.7,66.0,72,20,6.85,GR,2020-11-02 17:29:49
182,San Carlos De Bariloche,-41.15,-71.31,71.6,25,0,20.8,AR,2020-11-02 17:24:56
183,Dunedin,-45.87,170.5,50.0,80,82,1.01,NZ,2020-11-02 17:29:49
184,Novorzhev,57.03,29.33,41.61,91,44,8.48,RU,2020-11-02 17:29:49
185,Sur,22.57,59.53,71.29,54,0,2.44,OM,2020-11-02 17:29:49
186,Esperance,-33.87,121.9,55.4,87,6,10.29,AU,2020-11-02 17:29:50
187,Stabat,3.76,98.45,76.03,94,96,2.3,ID,2020-11-02 17:29:50
188,Husavik,66.04,-17.34,39.2,55,75,9.17,IS,2020-11-02 17:29:50
189,Pevek,69.7,170.31,14.43,89,100,11.92,RU,2020-11-02 17:29:50
190,Barrow,71.29,-156.79,26.6,68,90,12.75,US,2020-11-02 17:29:50
191,Trairi,-3.28,-39.27,87.55,56,36,12.03,BR,2020-11-02 17:26:50
192,Sulangan,11.14,123.72,83.1,74,87,5.53,PH,2020-11-02 17:29:50
193,Chattanooga,35.05,-85.31,50.0,34,1,3.36,US,2020-11-02 17:24:55
194,Mar Del Plata,-38.0,-57.56,68.0,64,20,12.75,AR,2020-11-02 17:27:41
195,Gat,31.61,34.76,72.0,86,19,4.65,IL,2020-11-02 17:29:51
196,Thompson,55.74,-97.86,23.0,79,90,5.82,CA,2020-11-02 17:29:51
197,Cuencame,24.87,-103.7,61.03,48,0,4.16,MX,2020-11-02 17:29:51
198,Pemangkat,1.17,108.97,78.75,85,100,4.27,ID,2020-11-02 17:29:51
199,Taoudenni,22.68,-3.98,91.36,12,100,4.63,ML,2020-11-02 17:29:51
200,Dingle,11.0,122.67,75.92,88,97,5.95,PH,2020-11-02 17:29:51
201,Rodrigues Alves,-7.74,-72.65,89.6,55,40,5.82,BR,2020-11-02 17:29:51
202,Saldanha,-33.01,17.94,87.8,18,0,10.29,ZA,2020-11-02 17:29:52
203,Celestun,20.87,-90.4,77.58,83,99,21.63,MX,2020-11-02 17:29:52
204,Geraldton,-28.77,114.6,55.4,93,40,5.82,AU,2020-11-02 17:29:52
205,Tessalit,20.2,1.01,83.25,14,100,9.22,ML,2020-11-02 17:29:52
206,Port Hedland,-20.32,118.57,73.4,83,0,8.05,AU,2020-11-02 17:29:52
207,Huari,-9.33,-77.23,53.8,42,16,6.08,PE,2020-11-02 17:29:52
208,Faya,18.39,42.45,64.4,77,0,3.36,SA,2020-11-02 17:29:52
209,Sabancuy,18.97,-91.18,78.75,84,97,12.77,MX,2020-11-02 17:29:52
210,Puerto Leguizamo,-0.19,-74.78,84.83,75,90,3.29,CO,2020-11-02 17:29:53
211,Grand Gaube,-20.01,57.66,71.01,66,29,5.01,MU,2020-11-02 17:29:53
212,Ukiah,39.15,-123.21,73.99,47,1,1.23,US,2020-11-02 17:27:17
213,Saint George,37.1,-113.58,57.2,24,1,5.82,US,2020-11-02 17:28:44
214,Coihaique,-45.58,-72.07,66.2,42,0,4.7,CL,2020-11-02 17:28:28
215,Saint-Philippe,-21.36,55.77,73.4,60,90,12.75,RE,2020-11-02 17:29:53
216,Broome,42.25,-75.83,35.01,63,90,17.22,US,2020-11-02 17:29:53
217,Mandan,46.83,-100.89,55.0,46,1,6.93,US,2020-11-02 17:29:53
218,Sinnamary,5.38,-52.95,79.65,84,98,14.65,GF,2020-11-02 17:25:14
219,Meulaboh,4.14,96.13,79.07,82,100,2.73,ID,2020-11-02 17:29:54
220,Umm Lajj,25.02,37.27,80.94,74,29,8.46,SA,2020-11-02 17:29:54
221,Hambantota,6.12,81.12,80.49,82,84,10.51,LK,2020-11-02 17:29:54
222,Buala,-8.14,159.59,80.55,80,100,4.03,SB,2020-11-02 17:29:54
223,Palmerston,-12.49,130.98,80.6,83,81,2.24,AU,2020-11-02 17:29:15
224,Altamira,-3.2,-52.21,95.0,44,75,4.7,BR,2020-11-02 17:29:54
225,Provideniya,64.38,-173.3,23.41,94,48,7.2,RU,2020-11-02 17:29:54
226,Tena,-0.98,-77.82,78.8,65,40,4.7,EC,2020-11-02 17:25:16
227,Port Hawkesbury,45.62,-61.35,57.99,100,90,21.92,CA,2020-11-02 17:29:55
228,Yenagoa,4.92,6.26,82.8,72,93,3.78,NG,2020-11-02 17:29:55
229,Gemena,3.25,19.77,74.52,92,59,1.59,CD,2020-11-02 17:29:55
230,Dikson,73.51,80.55,17.06,97,99,7.14,RU,2020-11-02 17:29:55
231,Puerto Baquerizo Moreno,-0.9,-89.6,75.2,78,75,11.41,EC,2020-11-02 17:29:55
232,Shache,38.42,77.24,39.88,61,100,2.73,CN,2020-11-02 17:29:56
233,Maldonado,-34.67,-54.92,69.8,64,20,9.17,UY,2020-11-02 17:29:56
234,Talnakh,69.49,88.4,17.6,92,40,4.47,RU,2020-11-02 17:29:57
235,Tuktoyaktuk,69.45,-133.04,5.0,77,75,12.75,CA,2020-11-02 17:29:53
236,Kozhevnikovo,56.26,83.97,30.99,87,100,6.55,RU,2020-11-02 17:29:57
237,Ponta Do Sol,32.67,-17.1,71.6,64,75,9.17,PT,2020-11-02 17:29:58
238,Homer,59.64,-151.55,25.0,25,90,12.75,US,2020-11-02 17:27:55
239,Comodoro Rivadavia,-45.87,-67.5,75.2,38,0,5.82,AR,2020-11-02 17:26:45
240,Pitimbu,-7.47,-34.81,84.2,70,75,12.75,BR,2020-11-02 17:29:58
241,Wloszczowa,50.85,19.97,53.01,99,100,1.01,PL,2020-11-02 17:29:59
242,Bluff,-46.6,168.33,39.99,93,18,1.01,NZ,2020-11-02 17:29:59
243,Falam,22.92,93.68,57.74,100,90,2.21,MM,2020-11-02 17:29:59
244,Emporia,38.4,-96.18,62.6,29,1,19.46,US,2020-11-02 17:29:59
245,Zemio,5.03,25.14,74.05,89,100,3.78,CF,2020-11-02 17:29:59
246,Lebu,-37.62,-73.65,57.25,77,100,10.94,CL,2020-11-02 17:29:59
247,Raudeberg,61.99,5.14,46.0,94,98,18.25,NO,2020-11-02 17:29:59
248,Yerofey Pavlovich,53.97,121.97,6.64,84,14,4.61,RU,2020-11-02 17:30:00
249,Issoire,45.55,3.25,66.2,59,90,8.05,FR,2020-11-02 17:30:00
250,Caucaia,-3.74,-38.65,87.8,62,20,14.99,BR,2020-11-02 17:30:00
251,Luyang,27.62,110.1,55.9,82,100,1.43,CN,2020-11-02 17:30:00
252,Lilongwe,-13.97,33.79,77.29,51,48,4.52,MW,2020-11-02 17:30:00
253,Cayenne,4.93,-52.33,80.6,88,75,13.73,GF,2020-11-02 17:30:01
254,Ivanteyevka,55.97,37.92,43.0,93,90,13.42,RU,2020-11-02 17:30:01
255,Christchurch,-43.53,172.63,53.01,87,100,3.36,NZ,2020-11-02 17:27:51
256,Tianpeng,30.99,103.94,62.01,1,8,0.38,CN,2020-11-02 17:30:02
257,Pudozh,61.81,36.53,39.04,88,97,11.36,RU,2020-11-02 17:30:02
258,Caraquet,47.79,-64.94,46.4,93,91,8.05,CA,2020-11-02 17:30:03
259,Faanui,-16.48,-151.75,79.0,77,2,19.37,PF,2020-11-02 17:27:53
260,Enkoping,59.64,17.08,60.01,87,87,23.04,SE,2020-11-02 17:30:03
261,Margate,51.38,1.39,53.01,69,13,4.0,GB,2020-11-02 17:30:04
262,Pattukkottai,10.43,79.32,78.57,76,17,2.15,IN,2020-11-02 17:30:04
263,Marystown,47.17,-55.15,55.99,100,100,13.0,CA,2020-11-02 17:30:04
264,Rumford,44.55,-70.55,37.99,71,47,8.99,US,2020-11-02 17:30:07
265,Pedernales,18.04,-71.74,82.4,78,75,6.93,DO,2020-11-02 17:30:07
266,Fenoarivo,-18.93,47.44,66.2,63,20,8.05,MG,2020-11-02 17:30:08
267,Denpasar,-8.65,115.22,77.85,81,100,5.35,ID,2020-11-02 17:25:17
268,Batticaloa,7.71,81.69,80.64,78,11,6.6,LK,2020-11-02 17:30:08
269,Komsomolskiy,40.43,71.72,48.2,39,0,6.93,UZ,2020-11-02 17:30:08
270,Omboue,-1.57,9.26,75.04,92,100,1.23,GA,2020-11-02 17:30:08
271,Ust-Ilimsk,58.0,102.66,28.53,98,100,11.36,RU,2020-11-02 17:30:08
272,Xuzhou,34.18,117.16,49.01,43,29,5.46,CN,2020-11-02 17:30:09
273,La Romana,18.43,-68.97,75.2,100,90,9.17,DO,2020-11-02 17:28:10
274,Teknaf,20.86,92.31,78.55,84,96,5.08,BD,2020-11-02 17:30:09
275,Bonavista,48.65,-53.11,51.01,93,93,14.99,CA,2020-11-02 17:30:09
276,Lagoa,39.05,-27.98,61.92,63,60,12.55,PT,2020-11-02 17:30:09
277,Selty,57.31,52.13,27.82,95,3,3.44,RU,2020-11-02 17:30:10
278,Mogoytuy,51.28,114.92,14.54,83,0,5.06,RU,2020-11-02 17:30:10
279,Timizart,36.8,4.27,64.71,52,0,4.36,DZ,2020-11-02 17:30:10
280,Libreville,0.39,9.45,82.4,78,40,4.7,GA,2020-11-02 17:30:10
281,Hofn,64.25,-15.21,42.8,45,75,11.41,IS,2020-11-02 17:30:11
282,Bahia De Caraquez,-0.6,-80.42,77.0,78,75,14.99,EC,2020-11-02 17:30:11
283,Horsham,51.06,-0.33,53.01,71,20,10.29,GB,2020-11-02 17:30:11
284,Mancio Lima,-7.61,-72.9,89.6,55,40,5.82,BR,2020-11-02 17:30:11
285,Micheweni,-4.97,39.83,78.28,80,88,12.01,TZ,2020-11-02 17:30:12
286,Noumea,-22.28,166.46,73.4,78,0,1.12,NC,2020-11-02 17:30:12
287,Manono,-7.3,27.42,75.06,78,99,3.83,CD,2020-11-02 17:30:12
288,Winslow,35.02,-110.7,55.4,37,1,3.04,US,2020-11-02 17:27:47
289,Victoria,22.29,114.16,73.99,69,6,1.01,HK,2020-11-02 17:26:37
290,Kavieng,-2.57,150.8,82.74,73,79,3.24,PG,2020-11-02 17:30:13
291,Hay River,60.82,-115.8,19.4,79,100,6.93,CA,2020-11-02 17:25:34
292,Half Moon Bay,37.46,-122.43,66.99,82,5,2.37,US,2020-11-02 17:30:13
293,Inta,66.03,60.17,29.57,97,99,19.42,RU,2020-11-02 17:27:59
294,Benicarlo,40.42,0.43,60.01,81,0,4.54,ES,2020-11-02 17:30:13
295,Airai,-8.93,125.41,61.63,76,100,1.61,TL,2020-11-02 17:27:09
296,Ati,13.22,18.34,90.3,22,74,10.07,TD,2020-11-02 17:30:13
297,La Rochelle,46.17,-1.15,57.2,87,75,13.87,FR,2020-11-02 17:30:14
298,Marihatag,8.79,126.3,77.67,85,97,4.9,PH,2020-11-02 17:30:14
299,Tabas,33.6,56.92,64.4,17,0,4.7,IR,2020-11-02 17:30:14
300,Saint-Augustin,51.23,-58.65,49.91,94,100,30.74,CA,2020-11-02 17:30:14
301,Salinas,36.68,-121.66,62.6,36,1,5.82,US,2020-11-02 17:27:20
302,East London,-33.02,27.91,66.2,82,20,13.87,ZA,2020-11-02 17:27:27
303,Cidreira,-30.18,-50.21,67.1,55,0,8.63,BR,2020-11-02 17:30:15
304,Aksu,41.12,80.26,40.89,59,0,0.13,CN,2020-11-02 17:29:00
305,Zaokskiy,54.73,37.41,44.01,10,100,7.36,RU,2020-11-02 17:30:15
306,Ushibuka,32.19,130.02,61.52,71,38,15.39,JP,2020-11-02 17:30:15
307,Lima,-12.04,-77.03,68.0,72,75,8.05,PE,2020-11-02 17:28:09
308,Klaksvik,62.23,-6.59,42.8,81,40,20.8,FO,2020-11-02 17:30:16
309,Hasaki,35.73,140.83,59.0,100,75,5.82,JP,2020-11-02 17:30:16
310,Iringa,-7.77,35.7,73.4,46,20,17.22,TZ,2020-11-02 17:30:16
311,Pisco,-13.7,-76.22,66.2,77,90,6.93,PE,2020-11-02 17:27:43
312,Akle,15.05,121.07,80.01,88,75,2.24,PH,2020-11-02 17:30:16
313,Pinotepa Nacional,16.32,-98.02,91.31,35,22,2.89,MX,2020-11-02 17:30:17
314,Amahai,-3.33,128.92,82.0,94,100,3.0,ID,2020-11-02 17:30:17
315,Abu Samrah,35.3,37.18,63.34,73,36,3.58,SY,2020-11-02 17:30:17
316,Cowra,-33.83,148.68,46.0,81,0,2.42,AU,2020-11-02 17:29:08
317,Panzos,15.4,-89.67,82.4,58,40,13.87,GT,2020-11-02 17:30:18
318,Tautira,-17.73,-149.15,82.4,69,40,3.36,PF,2020-11-02 17:30:18
319,Tura,25.52,90.22,71.04,88,4,1.95,IN,2020-11-02 17:30:18
320,Balad,34.02,44.15,79.54,19,98,4.47,IQ,2020-11-02 17:30:18
321,Leshukonskoye,64.9,45.76,29.88,88,38,10.49,RU,2020-11-02 17:30:18
322,Kahului,20.89,-156.47,78.8,69,40,6.93,US,2020-11-02 17:25:35
323,Pachino,36.72,15.09,62.6,88,0,2.24,IT,2020-11-02 17:30:19
324,Cherskiy,68.75,161.3,-2.85,91,100,11.43,RU,2020-11-02 17:30:19
325,Matara,5.95,80.54,78.19,82,91,7.02,LK,2020-11-02 17:30:19
326,Thohoyandou,-22.95,30.48,71.8,61,76,3.6,ZA,2020-11-02 17:30:19
327,Milton,34.13,-84.3,55.0,35,0,1.99,US,2020-11-02 17:26:56
328,Gimli,50.63,-96.99,44.6,76,77,5.82,CA,2020-11-02 17:29:22
329,Paamiut,61.99,-49.67,29.37,81,99,14.27,GL,2020-11-02 17:30:19
330,Pangnirtung,66.15,-65.71,17.6,52,75,4.7,CA,2020-11-02 17:25:24
331,Portarlington,53.16,-7.19,44.01,90,99,11.99,IE,2020-11-02 17:30:20
332,Rantepao,-2.97,119.9,66.58,88,100,1.63,ID,2020-11-02 17:30:20
333,Bagdarin,54.43,113.6,6.37,79,0,2.75,RU,2020-11-02 17:30:20
334,Vila Velha,-20.33,-40.29,75.2,60,20,20.8,BR,2020-11-02 17:30:17
335,Pombas,17.15,-25.02,84.2,58,0,14.99,CV,2020-11-02 17:30:21
336,Kruisfontein,-34.0,24.73,68.0,81,0,3.0,ZA,2020-11-02 17:30:21
337,Mercedes,-34.65,-59.43,79.0,35,35,1.01,AR,2020-11-02 17:29:35
338,Avare,-23.1,-48.93,74.46,38,2,7.7,BR,2020-11-02 17:30:21
339,Sobolevo,54.43,31.9,44.2,92,89,6.98,RU,2020-11-02 17:30:22
340,Shiyan,32.65,110.78,53.13,44,10,0.49,CN,2020-11-02 17:30:22
341,Vilhena,-12.74,-60.15,86.0,51,75,5.82,BR,2020-11-02 17:30:22
342,Plettenberg Bay,-34.05,23.37,65.39,87,3,8.43,ZA,2020-11-02 17:30:22
343,Korla,41.76,86.15,42.01,44,52,4.0,CN,2020-11-02 17:30:22
344,Kristiansund,63.11,7.73,46.4,93,75,35.57,NO,2020-11-02 17:30:23
345,Ornskoldsvik,63.29,18.72,50.0,100,75,10.29,SE,2020-11-02 17:30:23
346,Otane,-39.88,176.63,50.0,95,96,2.55,NZ,2020-11-02 17:30:23
347,Poya,-21.35,165.15,73.69,79,100,0.98,NC,2020-11-02 17:30:23
348,Lufilufi,-13.87,-171.6,75.2,100,40,3.36,WS,2020-11-02 17:30:24
349,Katherine,-14.47,132.27,86.0,48,38,5.82,AU,2020-11-02 17:30:24
350,Nanortalik,60.14,-45.24,29.62,88,69,9.53,GL,2020-11-02 17:30:24
351,Guerrero Negro,27.98,-114.06,78.26,47,7,11.88,MX,2020-11-02 17:30:24
352,Kisanga,-7.44,37.7,78.06,66,70,9.26,TZ,2020-11-02 17:30:25
353,Yumen,40.28,97.2,34.32,73,0,6.85,CN,2020-11-02 17:30:25
354,Schwarzenberg,50.55,12.78,55.99,98,91,28.01,DE,2020-11-02 17:30:25
355,San Felipe,10.34,-68.74,87.57,61,39,2.17,VE,2020-11-02 17:30:25
356,Warwick,41.7,-71.42,42.8,41,90,17.22,US,2020-11-02 17:28:03
357,Thyboron,56.7,8.21,52.0,84,70,3.0,DK,2020-11-02 17:30:25
358,Terrasini,38.15,13.08,66.2,68,0,14.99,IT,2020-11-02 17:30:26
359,Valdez,1.25,-78.98,79.21,80,95,14.07,EC,2020-11-02 17:30:26
360,Sistranda,63.73,8.83,48.2,87,75,26.4,NO,2020-11-02 17:30:26
361,Puro,12.48,123.38,79.34,85,100,7.38,PH,2020-11-02 17:30:27
362,Saint-Denis,48.92,2.33,57.0,87,75,6.93,FR,2020-11-02 17:30:27
363,Nordenham,53.5,8.48,64.4,72,75,17.22,DE,2020-11-02 17:30:27
364,Mumford,5.26,-0.76,79.95,83,93,5.86,GH,2020-11-02 17:30:27
365,Mikhaylovka,50.06,43.24,48.99,74,61,5.01,RU,2020-11-02 17:30:27
366,Tokyo,35.69,139.69,59.0,93,75,8.05,JP,2020-11-02 17:27:36
367,Otavi,-19.65,17.33,86.0,16,69,6.58,NA,2020-11-02 17:30:28
368,Likhovskoy,48.15,40.18,48.25,90,16,7.58,RU,2020-11-02 17:30:28
369,Key West,24.56,-81.78,84.2,78,90,18.34,US,2020-11-02 17:30:00
370,Nauta,-4.51,-73.58,93.38,44,82,0.43,PE,2020-11-02 17:30:28
371,Hualmay,-11.1,-77.61,69.06,61,90,8.28,PE,2020-11-02 17:30:28
372,Outlook,51.5,-107.05,55.4,49,17,11.41,CA,2020-11-02 17:30:29
373,Banjar,-8.19,114.97,77.31,73,100,2.73,ID,2020-11-02 17:30:29
374,Bonnyville,54.27,-110.73,39.2,69,90,3.36,CA,2020-11-02 17:30:01
375,Mount Isa,-20.73,139.5,77.0,16,0,8.05,AU,2020-11-02 17:30:29
376,Conde,-7.26,-34.91,84.2,70,75,12.75,BR,2020-11-02 17:30:29
377,Dwarka,22.24,68.97,81.23,54,0,13.18,IN,2020-11-02 17:30:29
378,Novo Aripuana,-5.12,-60.38,92.97,47,37,3.94,BR,2020-11-02 17:30:29
379,Necochea,-38.55,-58.74,72.36,45,0,8.32,AR,2020-11-02 17:27:48
380,Goderich,43.75,-81.72,37.4,69,95,16.11,CA,2020-11-02 17:30:30
381,Tirat Karmel,32.76,34.97,75.2,60,20,3.36,IL,2020-11-02 17:30:30
382,Akyab,20.15,92.9,80.29,83,89,4.23,MM,2020-11-02 17:30:30
383,Fare,-16.7,-151.02,79.95,77,9,16.67,PF,2020-11-02 17:30:30
384,Karratha,-20.74,116.85,68.27,56,0,10.8,AU,2020-11-02 17:30:30
385,Kendari,-3.94,122.5,76.28,88,100,2.8,ID,2020-11-02 17:30:31
386,Marsa Matruh,31.35,27.25,69.8,68,75,12.1,EG,2020-11-02 17:30:31
387,Juneau,58.3,-134.42,26.6,92,90,11.41,US,2020-11-02 17:30:31
388,Qeshm,26.96,56.27,80.6,69,0,2.24,IR,2020-11-02 17:30:31
389,Kaeo,-35.1,173.78,64.0,91,96,5.99,NZ,2020-11-02 17:25:47
390,Nuuk,64.18,-51.72,24.8,53,75,8.05,GL,2020-11-02 17:30:32
391,Immokalee,26.42,-81.42,78.8,54,1,23.04,US,2020-11-02 17:29:05
392,Ayan,56.45,138.17,18.18,97,100,24.34,RU,2020-11-02 17:30:32
393,Roma,43.21,-75.46,33.01,84,90,20.8,US,2020-11-02 17:30:05
394,San Carlos,9.66,-68.58,83.5,77,48,2.71,VE,2020-11-02 17:30:32
395,Gaspe,48.83,-64.48,46.4,93,90,8.05,CA,2020-11-02 17:30:05
396,Ruwi,23.6,58.55,75.2,64,0,2.24,OM,2020-11-02 17:30:33
397,Manica,49.0,-1.17,53.6,71,20,14.99,FR,2020-11-02 17:30:33
398,Ahipara,-35.17,173.17,63.32,86,96,10.36,NZ,2020-11-02 17:30:33
399,Kaitangata,-46.28,169.85,48.99,80,73,1.01,NZ,2020-11-02 17:30:33
400,Belousovka,50.13,82.52,37.4,91,75,4.47,KZ,2020-11-02 17:30:33
401,Te Anau,-45.42,167.72,39.47,88,100,0.76,NZ,2020-11-02 17:30:34
402,Lannion,48.75,-3.42,51.8,76,0,16.11,FR,2020-11-02 17:30:34
403,Dubbo,-32.25,148.62,51.8,93,0,8.05,AU,2020-11-02 17:27:07
404,Namatanai,-3.67,152.43,80.01,80,13,4.07,PG,2020-11-02 17:30:34
405,Yuancheng,36.65,107.79,38.98,61,35,2.73,CN,2020-11-02 17:30:35
406,San Quintin,30.48,-115.95,74.28,52,0,8.39,MX,2020-11-02 17:30:35
407,Semnan,35.57,53.4,59.38,32,74,1.88,IR,2020-11-02 17:30:35
408,Kenai,60.55,-151.26,25.0,27,1,31.09,US,2020-11-02 17:27:35
409,Sola,-13.88,167.55,81.01,77,87,5.08,VU,2020-11-02 17:30:35
410,Lata,40.16,-8.33,64.99,89,100,3.0,PT,2020-11-02 17:30:35
411,Villa Carlos Paz,-31.42,-64.5,86.0,30,0,5.01,AR,2020-11-02 17:30:35
412,Samarai,-10.62,150.67,81.41,80,86,8.37,PG,2020-11-02 17:30:36
413,San Patricio,28.02,-97.52,73.4,49,20,10.29,US,2020-11-02 17:30:36
414,Saint-Pierre,-21.34,55.48,73.4,60,90,12.75,RE,2020-11-02 17:30:36
415,Trelew,-43.25,-65.31,94.03,10,20,4.0,AR,2020-11-02 17:26:45
416,Okhotsk,59.38,143.3,25.77,97,100,23.47,RU,2020-11-02 17:29:57
417,Lieksa,63.32,30.02,40.75,78,100,27.67,FI,2020-11-02 17:30:37
418,Liwale,-9.77,37.93,76.75,46,86,6.8,TZ,2020-11-02 17:30:37
419,Noshiro,40.2,140.02,49.98,66,85,5.77,JP,2020-11-02 17:30:37
420,Rubtsovsk,51.5,81.25,34.57,89,100,6.62,RU,2020-11-02 17:30:37
421,Srednekolymsk,67.45,153.68,-10.05,87,6,8.81,RU,2020-11-02 17:30:37
422,Boa Vista,2.82,-60.67,86.0,51,75,2.24,BR,2020-11-02 17:30:37
423,Acapulco,16.86,-99.89,86.0,70,20,8.05,MX,2020-11-02 17:27:08
424,Sangar,63.92,127.47,-10.32,90,86,3.67,RU,2020-11-02 17:30:38
425,Isla Mujeres,21.23,-86.73,82.4,78,75,13.87,MX,2020-11-02 17:30:38
426,Scarborough,54.28,-0.4,48.99,87,54,7.0,GB,2020-11-02 17:30:16
427,Savannah Bight,16.45,-85.85,82.81,78,98,23.35,HN,2020-11-02 17:30:38
428,Turukhansk,65.82,87.98,16.47,97,100,10.04,RU,2020-11-02 17:30:38
429,Mingyue,43.11,128.92,27.9,79,3,11.65,CN,2020-11-02 17:30:39
430,Kailua,21.4,-157.74,73.4,94,20,9.17,US,2020-11-02 17:30:39
431,Brigantine,39.41,-74.36,46.99,36,20,31.09,US,2020-11-02 17:30:39
432,Mizdah,31.45,12.98,62.37,45,0,6.93,LY,2020-11-02 17:30:39
433,Nome,64.5,-165.41,8.6,78,1,3.36,US,2020-11-02 17:30:39
434,Nhulunbuy,-12.23,136.77,73.4,88,100,5.23,AU,2020-11-02 17:30:39
435,Sorland,67.67,12.69,46.4,93,75,8.05,NO,2020-11-02 17:30:40
436,Marsh Harbour,26.54,-77.06,76.55,80,54,29.26,BS,2020-11-02 17:30:40
437,Santa Isabel Do Rio Negro,-0.41,-65.02,99.19,38,64,0.92,BR,2020-11-02 17:30:40
438,Vardo,70.37,31.11,41.0,86,75,27.51,NO,2020-11-02 17:30:16
439,Poronaysk,49.22,143.12,36.45,95,94,5.12,RU,2020-11-02 17:30:40
440,Pokhara,28.23,83.98,63.88,53,0,5.59,NP,2020-11-02 17:30:41
441,Cabo San Lucas,22.89,-109.91,88.0,51,5,6.02,MX,2020-11-02 17:30:41
442,Freeport,40.66,-73.58,45.0,36,20,25.28,US,2020-11-02 17:27:52
443,Coolum Beach,-26.53,153.1,66.0,80,32,1.99,AU,2020-11-02 17:30:41
444,Planadas,3.2,-75.65,79.66,56,51,5.23,CO,2020-11-02 17:30:41
445,Stornoway,58.21,-6.39,44.01,87,20,8.05,GB,2020-11-02 17:30:42
446,Wad Rawah,15.16,33.14,89.6,20,0,13.82,SD,2020-11-02 17:30:42
447,Poum,-20.23,164.02,76.78,78,100,6.33,NC,2020-11-02 17:30:42
448,Vuktyl,63.86,57.31,25.16,98,89,6.11,RU,2020-11-02 17:30:42
449,Asau,46.43,26.4,48.2,87,0,3.36,RO,2020-11-02 17:30:42
450,Darhan,49.49,105.92,23.47,86,12,5.26,MN,2020-11-02 17:30:42
451,Itarema,-2.92,-39.92,86.56,60,24,14.65,BR,2020-11-02 17:30:43
452,The Pas,53.83,-101.25,33.8,99,90,6.93,CA,2020-11-02 17:30:43
453,Ostrovnoy,68.05,39.51,35.38,85,70,28.16,RU,2020-11-02 17:27:58
454,Kijang,35.24,129.21,42.8,75,0,6.93,KR,2020-11-02 17:30:43
455,San Jose,37.34,-121.89,70.0,55,75,0.92,US,2020-11-02 17:29:48
456,Sisimiut,66.94,-53.67,21.79,89,70,15.73,GL,2020-11-02 17:30:44
457,Dhidhdhoo,6.88,73.1,83.32,68,8,5.12,MV,2020-11-02 17:30:44
458,Dicabisagan,17.08,122.42,77.45,87,100,7.45,PH,2020-11-02 17:30:44
459,Metro,-5.11,105.31,76.95,84,92,6.98,ID,2020-11-02 17:30:44
460,Mukhen,48.1,136.1,29.34,92,20,5.61,RU,2020-11-02 17:30:45
461,Chake Chake,-5.25,39.77,77.59,79,78,10.83,TZ,2020-11-02 17:30:45
462,Pozo Colorado,-23.49,-58.8,93.25,23,0,3.71,PY,2020-11-02 17:30:45
463,Ulladulla,-35.35,150.47,53.6,100,66,9.17,AU,2020-11-02 17:30:45
464,Yeppoon,-23.13,150.73,73.4,69,90,6.93,AU,2020-11-02 17:25:58
465,Inirida,3.87,-67.92,88.25,58,78,1.36,CO,2020-11-02 17:30:46
466,Lapy,52.99,22.88,48.0,100,100,8.25,PL,2020-11-02 17:30:46
467,Sovetskaya Gavan,48.97,140.29,32.04,91,50,4.36,RU,2020-11-02 17:30:46
468,Catamarca,-28.47,-65.79,75.0,32,1,5.01,AR,2020-11-02 17:26:08
469,Tutoia,-2.76,-42.27,89.6,62,20,19.46,BR,2020-11-02 17:30:46
470,Vila,42.03,-8.16,57.0,94,100,1.01,PT,2020-11-02 17:25:52
471,Follonica,42.93,10.76,64.99,87,40,2.24,IT,2020-11-02 17:30:46
472,Jingdezhen,29.29,117.21,54.48,83,0,3.94,CN,2020-11-02 17:30:47
473,Olafsvik,64.89,-23.71,39.81,77,100,19.01,IS,2020-11-02 17:30:47
474,Lar,26.2,83.97,71.17,32,1,6.67,IN,2020-11-02 17:30:47
475,Sanchazi,42.08,126.6,26.08,81,40,8.86,CN,2020-11-02 17:27:34
476,Sao Filipe,14.9,-24.5,82.11,63,11,4.74,CV,2020-11-02 17:30:15
477,Lagos,6.58,3.75,82.18,75,100,3.58,NG,2020-11-02 17:25:48
478,Tazmalt,36.39,4.4,64.4,82,0,3.36,DZ,2020-11-02 17:30:48
479,Kalvarija,54.4,23.23,47.57,90,100,12.88,LT,2020-11-02 17:30:48
480,Ketchikan,55.34,-131.65,51.8,100,90,28.86,US,2020-11-02 17:30:48
481,Oktyabrskoye,43.06,44.74,50.0,93,100,4.47,RU,2020-11-02 17:30:48
482,Gazanjyk,39.24,55.52,69.15,21,65,9.95,TM,2020-11-02 17:30:48
483,Mmabatho,-25.85,25.63,73.4,60,0,6.93,ZA,2020-11-02 17:30:49
484,Luderitz,-26.65,15.16,61.57,87,40,6.82,NA,2020-11-02 17:30:49
485,Pochutla,15.74,-96.47,87.8,62,75,5.73,MX,2020-11-02 17:30:49
486,Arlit,18.74,7.39,83.55,14,1,9.6,NE,2020-11-02 17:30:49
487,Fenyi,27.81,114.67,56.84,87,4,2.93,CN,2020-11-02 17:30:49
488,Chenghai,23.46,116.77,73.4,64,75,6.71,CN,2020-11-02 17:30:49
489,Stephenville,32.22,-98.2,64.4,31,1,5.82,US,2020-11-02 17:30:50
490,Champerico,14.3,-91.92,87.8,66,75,6.93,GT,2020-11-02 17:30:50
491,San Policarpo,12.18,125.51,77.97,86,78,5.23,PH,2020-11-02 17:30:50
492,Aden,12.78,45.04,81.9,67,0,14.58,YE,2020-11-02 17:30:35
493,Harper,4.38,-7.72,79.65,83,87,6.35,LR,2020-11-02 17:30:50
494,Bubaque,11.28,-15.83,84.97,69,0,13.4,GW,2020-11-02 17:30:51
495,Natal,-5.79,-35.21,86.0,66,75,11.41,BR,2020-11-02 17:30:51
496,Kimberley,-28.73,24.76,69.8,46,0,5.82,ZA,2020-11-02 17:30:51
497,Yacuiba,-22.04,-63.68,89.6,35,0,6.98,BO,2020-11-02 17:30:51
498,Alice Springs,-23.7,133.88,73.4,20,0,3.36,AU,2020-11-02 17:26:42
499,Alofi,-19.06,-169.92,75.2,94,75,13.87,NU,2020-11-02 17:30:52
500,Huangyan,28.65,121.26,60.01,88,7,4.41,CN,2020-11-02 17:30:52
501,Hereford,52.06,-2.71,50.0,78,34,3.0,GB,2020-11-02 17:29:20
502,Nanchang,28.68,115.88,60.51,63,0,7.25,CN,2020-11-02 17:30:52
503,Burley,42.54,-113.79,50.0,37,1,8.05,US,2020-11-02 17:27:43
504,Rundu,-17.93,19.77,80.83,34,41,8.32,NA,2020-11-02 17:30:53
505,Palestine,31.92,35.2,73.4,60,20,2.24,PS,2020-11-02 17:30:53
506,Camana,-16.62,-72.71,70.11,67,53,9.26,PE,2020-11-02 17:29:24
507,Port Blair,11.67,92.75,80.44,82,65,5.28,IN,2020-11-02 17:30:53
508,Balabac,7.99,117.06,81.63,80,83,9.42,PH,2020-11-02 17:30:53
509,Dalvik,65.97,-18.53,39.2,55,75,9.17,IS,2020-11-02 17:30:53
510,Lethem,3.38,-59.8,90.68,52,100,1.77,GY,2020-11-02 17:30:54
511,Khandbari,27.37,87.2,64.47,67,50,2.86,NP,2020-11-02 17:30:54
512,Cockburn Town,21.46,-71.14,82.08,79,80,14.25,TC,2020-11-02 17:27:29
513,Port Lincoln,-34.73,135.87,70.95,34,22,15.1,AU,2020-11-02 17:30:54
514,Beringovskiy,63.05,179.32,24.1,93,0,3.13,RU,2020-11-02 17:30:54
515,Blackwater,-23.58,148.88,70.39,72,63,13.15,AU,2020-11-02 17:30:54
516,Pucara,-15.98,-71.46,69.8,16,0,6.93,PE,2020-11-02 17:30:55
517,Grand Forks,47.94,-97.43,53.6,40,20,12.75,US,2020-11-02 17:30:55
518,Huzhou,30.87,120.09,62.01,64,0,8.39,CN,2020-11-02 17:30:55
519,Muisne,0.6,-80.03,87.8,70,40,10.29,EC,2020-11-02 17:30:55
520,Avera,33.19,-82.53,57.0,26,1,11.41,US,2020-11-02 17:30:55
521,Palana,59.12,159.97,30.61,92,1,6.26,RU,2020-11-02 17:30:55
522,Nagapattinam,10.77,79.83,80.08,80,0,4.97,IN,2020-11-02 17:30:56
523,Myitkyina,25.38,97.4,68.25,96,28,1.61,MM,2020-11-02 17:30:56
524,Seybaplaya,19.65,-90.67,80.6,83,40,11.41,MX,2020-11-02 17:30:56
525,Carnarvon,-24.87,113.63,66.2,77,0,13.87,AU,2020-11-02 17:30:57
526,Nizhniy Kuranakh,58.84,125.49,-13.45,87,84,1.79,RU,2020-11-02 17:30:57
527,Grindavik,63.84,-22.43,39.2,86,75,27.51,IS,2020-11-02 17:30:57
528,Riesi,37.28,14.08,68.0,94,5,2.24,IT,2020-11-02 17:30:58
529,Awjilah,29.11,21.29,66.96,56,0,4.92,LY,2020-11-02 17:30:58
530,Duncan,34.5,-97.96,62.01,38,1,8.05,US,2020-11-02 17:30:58
531,Keffi,8.85,7.87,86.0,55,61,4.7,NG,2020-11-02 17:30:59
532,Aklavik,68.22,-135.01,1.4,70,37,6.93,CA,2020-11-02 17:30:25
533,Manga,11.66,-1.07,85.24,19,42,5.48,BF,2020-11-02 17:30:59
534,Charters Towers,-20.1,146.27,72.79,81,32,11.81,AU,2020-11-02 17:30:59
535,Hurghada,27.26,33.81,78.8,61,20,12.75,EG,2020-11-02 17:31:00
536,Adrar,20.5,-10.07,86.9,13,100,6.62,MR,2020-11-02 17:31:00
537,Nibbar,36.29,8.77,71.6,46,20,8.05,TN,2020-11-02 17:31:00
538,Mastic Beach,40.77,-72.85,43.0,53,71,10.0,US,2020-11-02 17:29:14
539,Tarko-Sale,64.92,77.78,17.01,97,63,11.74,RU,2020-11-02 17:31:00
540,Yarmouth,41.71,-70.23,44.6,42,90,19.46,US,2020-11-02 17:31:01
541,Kloulklubed,7.04,134.26,78.8,88,75,4.7,PW,2020-11-02 17:31:01
542,Bereda,43.27,-7.54,55.0,100,98,1.99,ES,2020-11-02 17:31:01
543,Ponferrada,42.55,-6.6,55.99,96,92,4.43,ES,2020-11-02 17:29:29
544,Marsabit,2.33,37.99,70.21,73,84,14.43,KE,2020-11-02 17:31:02
545,Karpathos,35.51,27.21,68.0,49,20,13.87,GR,2020-11-02 17:31:02
546,Nemuro,43.32,145.57,54.21,86,100,5.84,JP,2020-11-02 17:31:02
547,San Cristobal,7.77,-72.22,84.2,70,40,6.93,VE,2020-11-02 17:30:55
548,Saint Anthony,45.02,-93.22,48.99,42,1,10.29,US,2020-11-02 17:31:02
549,Caravelas,-17.71,-39.25,74.26,73,99,12.53,BR,2020-11-02 17:31:02
550,Nara,34.69,135.8,57.99,83,100,8.77,JP,2020-11-02 17:31:03
551,Eureka,40.8,-124.16,50.0,100,75,2.73,US,2020-11-02 17:30:30
552,Tambovka,50.1,128.05,15.8,72,75,15.66,RU,2020-11-02 17:31:03
553,Nchelenge,-9.35,28.73,78.15,65,19,2.62,ZM,2020-11-02 17:31:03
554,Krk,45.03,14.57,60.01,87,75,2.24,HR,2020-11-02 17:31:04
555,Thinadhoo,0.53,72.93,82.74,75,100,8.01,MV,2020-11-02 17:31:01
556,Vaitape,-16.52,-151.75,79.92,76,1,17.25,PF,2020-11-02 17:31:04
557,Pajapan,18.25,-94.7,75.2,88,90,14.99,MX,2020-11-02 17:31:04
558,Erzin,36.96,36.2,68.0,72,40,5.82,TR,2020-11-02 17:31:04
559,Bombay,19.01,72.85,84.2,74,40,3.36,IN,2020-11-02 17:29:51
560,Fort Nelson,58.81,-122.7,8.6,84,90,3.36,CA,2020-11-02 17:30:34
561,Yar-Sale,66.83,70.83,19.36,93,75,8.23,RU,2020-11-02 17:31:04
562,Udala,43.08,-2.51,55.0,96,93,8.99,ES,2020-11-02 17:31:05
563,Yinchuan,38.47,106.27,41.72,53,16,2.95,CN,2020-11-02 17:31:05
564,Itoman,26.12,127.67,77.0,83,40,25.28,JP,2020-11-02 17:31:05
565,Naraini,25.18,80.48,67.93,25,0,3.8,IN,2020-11-02 17:31:05
566,Suzhou,31.31,120.62,57.99,86,0,4.16,CN,2020-11-02 17:29:11
567,Kokstad,-30.55,29.42,54.23,92,52,3.67,ZA,2020-11-02 17:31:05
568,Parana,-31.73,-60.52,84.0,26,1,1.99,AR,2020-11-02 17:31:06
569,Barcelona,41.39,2.16,66.2,82,20,11.41,ES,2020-11-02 17:30:29
570,Morant Bay,17.88,-76.41,84.2,74,75,4.7,JM,2020-11-02 17:31:06
571,Arawa,-6.21,155.54,78.21,78,56,1.95,PG,2020-11-02 17:31:06
572,Makakilo City,21.35,-158.09,69.8,83,1,3.36,US,2020-11-02 17:31:06
573,Riyadh,24.69,46.72,75.2,29,0,7.09,SA,2020-11-02 17:30:19
574,Erenhot,43.65,111.98,24.75,76,0,4.81,CN,2020-11-02 17:31:07
575,Muros,42.78,-9.06,61.0,68,65,7.0,ES,2020-11-02 17:31:07
576,Lasa,46.62,10.7,52.0,81,40,1.12,IT,2020-11-02 17:31:07
577,Araouane,18.9,-3.53,88.88,12,100,9.01,ML,2020-11-02 17:31:07
578,Bandarbeyla,9.49,50.81,78.28,81,1,21.52,SO,2020-11-02 17:31:07
579,Sao Joao Da Barra,-21.64,-41.05,75.2,53,75,11.41,BR,2020-11-02 17:31:07
580,Novochernorechenskiy,56.27,91.08,28.53,98,100,6.2,RU,2020-11-02 17:31:07
581,Kieta,-6.22,155.63,79.92,75,51,3.04,PG,2020-11-02 17:31:07
582,Beaverlodge,55.22,-119.44,37.4,69,75,3.36,CA,2020-11-02 17:31:08
583,Petropavl,54.88,69.16,29.84,97,20,7.56,KZ,2020-11-02 17:26:51
584,Jaguaribe,-5.89,-38.62,98.71,28,27,5.41,BR,2020-11-02 17:31:08
585,Talas,38.69,35.55,51.8,37,40,2.21,TR,2020-11-02 17:31:08
586,Lagunas,-5.23,-75.68,96.93,34,44,3.51,PE,2020-11-02 17:31:08
587,Chita,52.03,113.55,8.6,84,0,4.47,RU,2020-11-02 17:31:08
588,Humaita,-7.51,-63.02,94.59,44,75,4.76,BR,2020-11-02 17:31:09
589,Joao Pinheiro,-17.74,-46.17,76.91,67,76,5.79,BR,2020-11-02 17:31:09
590,Diego De Almagro,-26.37,-70.05,82.26,15,0,17.13,CL,2020-11-02 17:31:09
591,Sorong,-0.88,131.25,76.17,87,100,2.39,ID,2020-11-02 17:31:09
592,Ancud,-41.87,-73.82,59.0,81,90,4.7,CL,2020-11-02 17:31:09
593,Whitehorse,60.72,-135.05,1.4,77,90,9.17,CA,2020-11-02 17:26:47
594,Nantucket,41.28,-70.1,44.6,52,75,21.92,US,2020-11-02 17:31:07
595,Stawell,-37.05,142.77,54.72,70,100,3.24,AU,2020-11-02 17:31:10
596,Fairbanks,64.84,-147.72,-7.6,75,75,3.36,US,2020-11-02 17:28:50
597,Misratah,32.38,15.09,70.86,59,0,6.44,LY,2020-11-02 17:31:10
598,Auxerre,47.8,3.57,63.0,88,64,1.01,FR,2020-11-02 17:31:10
599,Ayolas,-27.4,-56.9,86.31,28,63,4.21,PY,2020-11-02 17:31:10
600,Hohhot,40.81,111.65,24.8,49,0,8.95,CN,2020-11-02 17:31:10
601,Oranjestad,12.52,-70.03,86.0,74,20,14.99,AW,2020-11-02 17:28:17
602,Port-Gentil,-0.72,8.78,80.6,83,20,8.05,GA,2020-11-02 17:31:11
603,Vladivostok,43.11,131.87,33.8,47,5,2.24,RU,2020-11-02 17:31:11
604,Smidovich,48.6,133.82,28.67,92,81,11.45,RU,2020-11-02 17:31:11
605,Nelson Bay,-32.72,152.15,55.99,93,40,6.93,AU,2020-11-02 17:29:43
606,Alyangula,-13.85,136.42,71.6,100,97,3.15,AU,2020-11-02 17:31:11
607,Houma,29.6,-90.72,64.0,47,1,13.87,US,2020-11-02 17:29:03
608,College,64.86,-147.8,-7.6,69,90,6.93,US,2020-11-02 17:31:11
609,Paranapanema,-23.39,-48.72,76.01,38,11,8.01,BR,2020-11-02 17:31:12
610,Waipawa,-41.41,175.52,50.0,93,100,1.12,NZ,2020-11-02 17:31:12
611,Azle,32.9,-97.55,64.99,36,1,4.7,US,2020-11-02 17:27:44
612,Novaya Ladoga,60.1,32.3,39.0,99,95,18.66,RU,2020-11-02 17:31:12
613,Visby,57.64,18.3,60.01,93,90,27.51,SE,2020-11-02 17:31:12
614,Sao Gabriel Da Cachoeira,-0.13,-67.09,86.0,74,40,5.82,BR,2020-11-02 17:31:12
615,Russas,-4.94,-37.98,96.67,35,34,8.34,BR,2020-11-02 17:31:12
616,Mwene-Ditu,-7.0,23.45,68.23,95,96,2.91,CD,2020-11-02 17:31:12
617,Cobija,-11.03,-68.77,87.8,62,75,4.7,BO,2020-11-02 17:31:13
618,Mount Gambier,-37.83,140.77,62.6,55,97,9.17,AU,2020-11-02 17:31:07
619,Dovolnoye,54.5,79.67,31.24,95,90,2.98,RU,2020-11-02 17:31:13
620,Aksarka,66.56,67.8,17.82,95,17,10.11,RU,2020-11-02 17:31:13
621,North Bend,43.41,-124.22,44.6,100,90,6.93,US,2020-11-02 17:31:13
622,Shahrud,36.42,54.98,59.02,34,69,2.19,IR,2020-11-02 17:31:13
623,Vestmanna,62.16,-7.17,42.8,81,40,20.8,FO,2020-11-02 17:31:13
624,Port Hardy,50.7,-127.42,51.8,87,90,4.7,CA,2020-11-02 17:31:14
625,Udachnyy,66.42,112.4,8.6,84,90,11.18,RU,2020-11-02 17:31:14
626,Terrace,54.52,-128.6,42.8,100,90,5.82,CA,2020-11-02 17:27:23
627,Cortez,37.35,-108.59,63.0,22,1,4.05,US,2020-11-02 17:31:14
628,Elizabeth City,36.29,-76.25,50.0,43,0,8.01,US,2020-11-02 17:31:14
629,Batemans Bay,-35.72,150.18,53.01,93,48,1.01,AU,2020-11-02 17:31:14
630,Kokopo,-4.35,152.26,78.12,83,3,3.89,PG,2020-11-02 17:31:14
631,Laguna,38.42,-121.42,62.01,55,1,4.45,US,2020-11-02 17:30:15
632,Vidim,56.41,103.11,26.2,88,100,9.82,RU,2020-11-02 17:31:15
633,Hornepayne,49.21,-84.77,35.37,82,100,14.32,CA,2020-11-02 17:31:15
634,Sibolga,1.74,98.78,77.25,80,100,3.29,ID,2020-11-02 17:31:15
635,Kobryn,52.21,24.36,47.89,84,100,7.14,BY,2020-11-02 17:31:15
636,La Sarre,48.8,-79.2,22.82,96,99,8.79,CA,2020-11-02 17:30:02
637,Yanliang,34.66,109.23,53.01,86,0,6.71,CN,2020-11-02 17:31:15
638,Gorele,41.03,39.0,59.0,87,75,1.12,TR,2020-11-02 17:31:15
639,Carman,49.5,-98.0,53.6,46,51,9.17,CA,2020-11-02 17:30:38
640,Maniitsoq,65.42,-52.9,23.83,88,74,16.58,GL,2020-11-02 17:31:16
641,Chernyshevskiy,63.01,112.47,14.2,97,100,9.13,RU,2020-11-02 17:31:16
642,Great Yarmouth,52.61,1.73,54.0,72,27,4.0,GB,2020-11-02 17:31:16
643,Tres Arroyos,-38.37,-60.28,79.11,33,0,9.15,AR,2020-11-02 17:30:41
644,Westport,41.14,-73.36,43.0,49,62,4.0,US,2020-11-02 17:28:12
645,Rocha,-34.48,-54.33,66.43,63,53,8.97,UY,2020-11-02 17:31:16
646,Esna,25.29,32.55,82.4,48,20,10.29,EG,2020-11-02 17:31:16
647,Maryville,35.76,-83.97,46.99,39,1,3.36,US,2020-11-02 17:27:13
648,Burns Lake,54.23,-125.75,42.8,75,100,6.93,CA,2020-11-02 17:31:17
649,Batagay,67.63,134.63,-16.62,83,0,5.1,RU,2020-11-02 17:31:17
650,Lundazi,-12.29,33.18,70.5,61,81,7.16,ZM,2020-11-02 17:31:17
651,Marzuq,14.4,46.47,63.93,28,0,0.11,YE,2020-11-02 17:31:17
652,Dzaoudzi,-12.79,45.27,78.8,74,75,3.36,YT,2020-11-02 17:31:17
653,Primo Tapia,32.22,-116.92,71.6,35,5,6.96,MX,2020-11-02 17:31:17
654,Mubi,10.27,13.26,81.25,36,99,4.05,NG,2020-11-02 17:31:18
655,Kununurra,-15.77,128.73,78.8,69,82,4.7,AU,2020-11-02 17:31:18
656,Kefamenanu,-9.45,124.48,72.86,82,72,2.91,ID,2020-11-02 17:31:18
657,Miri,4.41,114.01,77.0,94,40,3.36,MY,2020-11-02 17:31:18
658,Nizwa,22.93,57.53,65.95,27,0,4.12,OM,2020-11-02 17:30:27
659,Canyon,34.98,-101.92,64.0,45,0,8.99,US,2020-11-02 17:31:19
660,Obzor,42.82,27.88,59.0,71,0,4.7,BG,2020-11-02 17:31:19
661,Makarov,48.63,142.8,37.76,79,53,11.3,RU,2020-11-02 17:31:19
662,Carhuaz,-9.28,-77.64,69.76,24,20,8.05,PE,2020-11-02 17:31:19
663,Hobyo,5.35,48.53,81.16,79,56,11.83,SO,2020-11-02 17:31:19
664,Egvekinot,66.32,-179.17,11.01,88,39,2.55,RU,2020-11-02 17:29:47
665,Aktash,50.3,87.73,18.54,82,88,3.18,RU,2020-11-02 17:31:19
666,Gizo,-8.1,156.84,83.48,72,71,3.0,SB,2020-11-02 17:31:19
667,Cabrobo,-8.51,-39.31,81.41,66,98,5.39,BR,2020-11-02 17:31:20
668,Pingliang,35.54,106.69,41.07,62,38,3.51,CN,2020-11-02 17:31:20
669,Baykit,61.67,96.37,23.74,95,91,6.29,RU,2020-11-02 17:27:06
670,Pontes E Lacerda,-15.23,-59.34,90.88,33,45,5.12,BR,2020-11-02 17:31:20
671,Carupano,10.67,-63.26,82.74,75,94,7.29,VE,2020-11-02 17:31:20
672,Grobina,56.54,21.17,51.8,93,100,14.99,LV,2020-11-02 17:31:20
673,Wladyslawowo,54.79,18.4,60.01,93,75,8.05,PL,2020-11-02 17:31:21
674,Pauini,-7.71,-66.98,90.45,49,48,2.77,BR,2020-11-02 17:31:21
675,Tabou,4.42,-7.35,79.83,82,60,5.75,CI,2020-11-02 17:31:21
676,Abancay,-13.63,-72.88,72.07,41,63,8.75,PE,2020-11-02 17:31:21
677,Vilyuysk,63.76,121.62,-0.74,91,36,6.49,RU,2020-11-02 17:31:21
678,Sao Jose Da Coroa Grande,-8.9,-35.15,81.81,70,70,14.14,BR,2020-11-02 17:31:21
679,San Luis,-33.3,-66.34,85.3,17,0,6.38,AR,2020-11-02 17:31:21
680,Praia,14.92,-23.51,89.6,43,0,9.17,CV,2020-11-02 17:31:21
681,Saint-Paul-Les-Dax,43.73,-1.05,66.99,82,75,6.93,FR,2020-11-02 17:31:22
682,Mogadishu,2.04,45.34,79.9,81,2,8.84,SO,2020-11-02 17:31:22
683,Manaure,11.78,-72.44,86.65,63,95,4.56,CO,2020-11-02 17:31:22
684,Hamilton,39.18,-84.53,46.99,36,1,11.41,US,2020-11-02 17:31:22
685,Otjimbingwe,-22.35,16.13,73.13,24,0,10.51,NA,2020-11-02 17:31:22
686,Qasigiannguit,68.82,-51.19,24.8,73,75,13.87,GL,2020-11-02 17:31:22
687,Tiarei,-17.53,-149.33,82.4,69,40,3.36,PF,2020-11-02 17:31:22
688,Cap Malheureux,-19.98,57.61,71.01,66,36,5.01,MU,2020-11-02 17:31:23
689,Zhanaozen,43.3,52.8,57.16,38,31,4.72,KZ,2020-11-02 17:31:23
690,Cacota,7.27,-72.64,77.0,69,40,4.7,CO,2020-11-02 17:31:23
691,Balingasay,16.36,119.86,81.21,79,100,9.26,PH,2020-11-02 17:31:23
692,Kyabe,9.45,18.94,81.46,58,44,3.06,TD,2020-11-02 17:31:23
693,Rio Grande,-32.03,-52.1,73.4,56,75,12.75,BR,2020-11-02 17:30:53
694,Puerto Escondido,15.85,-97.07,86.95,48,76,0.76,MX,2020-11-02 17:27:51
695,Bilibino,68.05,166.44,-0.24,90,99,4.14,RU,2020-11-02 17:31:24
696,Casper,42.87,-106.31,59.0,21,1,23.04,US,2020-11-02 17:31:22
697,Mirnyy,62.54,113.96,6.8,77,40,13.42,RU,2020-11-02 17:31:24
698,Francistown,-21.17,27.51,82.4,45,40,9.17,BW,2020-11-02 17:31:24
699,Koulikoro,14.0,-7.75,86.11,17,47,6.49,ML,2020-11-02 17:31:24
700,Salaga,8.55,-0.52,86.45,43,97,2.08,GH,2020-11-02 17:31:24
701,Two Rivers,44.15,-87.57,44.01,41,1,21.92,US,2020-11-02 17:31:24
702,Podbrdo,44.44,17.01,55.4,87,0,2.24,BA,2020-11-02 17:30:06
703,Bykovo,55.64,38.08,43.0,93,90,8.95,RU,2020-11-02 17:31:25
704,Zatoka,46.07,30.47,44.6,87,40,8.46,UA,2020-11-02 17:31:25
705,Jardim,-21.48,-56.14,89.76,30,0,3.69,BR,2020-11-02 17:31:25
706,Nichinan,31.6,131.37,60.01,100,80,5.44,JP,2020-11-02 17:31:06
707,Lorengau,-2.02,147.27,81.21,76,62,2.8,PG,2020-11-02 17:31:25
708,Mantua,45.17,10.78,55.99,93,66,1.01,IT,2020-11-02 17:31:25
709,Santa Rosa,14.31,121.11,80.01,94,40,1.21,PH,2020-11-02 17:31:25
710,Paraibano,-6.43,-43.98,91.0,47,73,4.61,BR,2020-11-02 17:31:26
711,Conceicao Do Araguaia,-8.26,-49.26,79.81,71,97,6.22,BR,2020-11-02 17:31:26
712,Phetchaburi,12.97,99.58,74.12,91,27,3.58,TH,2020-11-02 17:31:26
713,Derbent,42.07,48.29,58.75,76,73,2.84,RU,2020-11-02 17:31:26
714,Taltal,-25.4,-70.48,65.08,56,11,8.03,CL,2020-11-02 17:31:26
715,Kuching,1.55,110.33,75.2,94,40,2.93,MY,2020-11-02 17:31:26
716,Rantoul,40.31,-88.16,46.0,35,1,14.99,US,2020-11-02 17:31:26
717,Bastrop,32.76,-91.87,55.99,32,1,6.93,US,2020-11-02 17:31:26
718,Pundaguitan,6.37,126.17,82.54,78,99,6.06,PH,2020-11-02 17:31:27
719,Hovd,48.01,91.64,27.37,84,71,0.81,MN,2020-11-02 17:31:27
720,Burriana,39.89,-0.09,64.99,80,0,1.5,ES,2020-11-02 17:31:27
